Trial,Hidden Size 1,Hidden Size 2,Dropout Rate,Learning Rate,Batch Size,Accuracy
0,43,59,0.23474574438861484,5.2383623894552675e-05,26,0.9420256905763328
