{"hidden_size1": 50, "hidden_size2": 48, "dropout_rate": 0.11866136533720831, "learning_rate": 0.0013796983303193278, "batch_size": 187}